date,ndvi_sg_scaled,T2M,PPT,RAD,RH
2015-02-07,0.2441333530563198,19.37,4.55,15.68,50.15
2015-02-12,0.23053825290831229,18.7,4.359999999999999,20.06,50.13
2015-02-17,0.22008461763965456,22.08,0,21.14,33.09
2015-02-22,0.21277244725034672,23.19,0.24,22.32,30.65
2015-02-27,0.2086017417403897,24.65,7.15,18.32,33.36
2015-03-04,0.20997328474749963,22.76,0.15000000000000002,22.84,48.33
2015-03-09,0.2133679885742893,23.88,8.36,16.73,48.86
2015-03-14,0.2164871205666921,22.75,6.73,23.91,55.01
2015-03-19,0.2176442583045677,26.37,0,25.86,37.97
2015-03-24,0.2167556659163592,28.33,4.33,23.51,30.99
2015-03-29,0.21484629673019137,26.52,0,23.27,44.56
2015-04-03,0.21288534652258537,27.97,0,25.64,28.72
2015-04-08,0.21101775930354644,28.75,8.27,22.26,38.98
2015-04-13,0.20946783274305347,23.47,13.68,18.29,62.44
2015-04-18,0.2087011230908971,29.55,0.05,25.01,43.25
2015-04-23,0.2093516067477986,32.18,1.5099999999999998,23.36,24.04
2015-04-28,0.2117480758680748,32.25,3.44,25.23,27.91
2015-05-03,0.2159377405008663,32.7,1.05,24.62,22.11
2015-05-08,0.2217562028634233,33.21,0,24.62,18.88
2015-05-13,0.2288907921598431,33.77,3.62,20.56,33.93
2015-05-18,0.23698080774257144,33.9,2.16,26.87,29.66
2015-05-23,0.24575467061668352,36.3,0.21000000000000002,27.03,20.17
2015-05-28,0.2550015341929083,36.61,0.42000000000000004,26.22,17.16
2015-06-02,0.2643760858869479,34.07,2.4899999999999998,22.45,34.99
2015-06-07,0.2737351350102185,34.8,5.38,22.05,36.25
2015-06-12,0.2831365955953142,29.44,29.200000000000003,16.39,62.56
2015-06-17,0.29274477161005064,29.57,32.32,17.52,65.92
2015-06-22,0.302741421231539,26.33,74.15,14.36,83.08
2015-06-27,0.31324260018027195,26.89,14.959999999999999,17.46,74.45
2015-07-02,0.3242212841142397,26.36,42.69,19.52,79.53
2015-07-07,0.3354357700830616,25.8,108.27,10.61,85.13
2015-07-12,0.34640705178154557,26.29,49.99,18.5,84.39
2015-07-17,0.35673794134346104,25.37,31.7,13.08,88.41
2015-07-22,0.3660253142427888,25.62,59.06,12.88,89.54
2015-07-27,0.37386293353713546,24.72,0.88,17.91,84.85
2015-08-01,0.379936638101363,24.65,114.31,8.48,87.67
2015-08-06,0.38408794289696674,25.74,12.16,16.47,85.61
2015-08-11,0.3863447475009333,26.03,50.81,14.74,87.5
2015-08-16,0.3869214063302848,25.09,65.78999999999999,14.28,90.29
2015-08-21,0.3862499763645374,24.54,11.72,18.26,86.77
2015-08-26,0.3848736669084183,24.77,50.39,14.76,92.33
2015-08-31,0.3831372756349892,24.97,8.62,11.54,90.8
2015-09-05,0.3810405560195237,25.05,4.66,22.31,80.99
2015-09-10,0.3777456004665825,25.4,17.17,19.07,81.92
2015-09-15,0.3720676250650301,25.07,94.24,16.41,90.61
2015-09-20,0.3634471654680647,23.9,27.43,20.32,87.26
2015-09-25,0.35234822889625067,24.03,0,20.69,77.39
2015-09-30,0.33982747446635964,25.32,0,19.33,79.21
2015-10-05,0.3272527713041732,23.57,0,22.1,66.24
2015-10-10,0.3159954573924664,24.38,3.1700000000000004,20.19,64.84
2015-10-15,0.307173439830978,24.36,0,19.28,64.8
2015-10-20,0.30076961275611286,24.16,1.2,16.3,62.93
2015-10-25,0.29587235814007495,23.08,24.48,13.87,76.01
2015-10-30,0.2915428884520583,20.82,0,16.57,80.73
2015-11-04,0.2871385158774844,22.75,0.53,14.77,67.71
2015-11-09,0.28218721577241496,22.01,0,16.31,58.4
2015-11-14,0.27669690279823445,20.87,0,16.45,57.59
2015-11-19,0.27109598030900983,20.35,0,15.34,61.02
2015-11-24,0.2660356979005802,22.43,0,14.73,60
2015-11-29,0.261384937500724,21.36,0,15.14,58.53
2015-12-04,0.2563084087765881,19.13,0,16.59,35.94
2015-12-09,0.2501098091519105,19.91,0.02,11.46,44.19
2015-12-14,0.2433209183988453,18.48,0.02,12.93,32.47
2015-12-19,0.2374494345423935,18.4,0.25,10.36,50.93
2015-12-24,0.23396472567158053,19.63,0,16.21,25.79
2015-12-29,0.2330536136494071,20.93,0,16.63,31.39
2016-01-03,0.23386970536130203,18.86,0,15.63,29.06
2016-01-08,0.23461187562698396,20.04,0,15.58,31.53
2016-01-13,0.2336029539943527,19.69,0,15.1,25.23
2016-01-18,0.22968466987858815,17.58,14.01,9.14,67.75
2016-01-23,0.22315005199169716,13.88,0,19.06,32.31
2016-01-28,0.2154051156365908,18.97,0,18.29,32.25
2016-02-02,0.2078916764112752,20.31,0,19.1,34.58
2016-02-07,0.20130392051899249,21.3,0.02,18.93,29.21
2016-02-12,0.1960403691101419,23.14,0.61,16.13,32.37
2016-02-17,0.1923477685323648,26.48,0.29000000000000004,16.74,32.46
2016-02-22,0.19036572598434057,25.71,0.03,18.47,22.87
2016-02-27,0.1896667964803696,24.83,4.4,14.865,36.364999999999995
2016-03-03,0.1897307489922962,25.36,1.48,19.7,27.44
2016-03-08,0.190303885860986,26.42,14.2,19.15,46.79
2016-03-13,0.19124135524151392,26.22,9.92,18.29,51.3
2016-03-18,0.19229285713324987,27.12,0.08,23.46,37.49
2016-03-23,0.1930577009076261,27.66,0,25.57,13.59
2016-03-28,0.19327391414402265,29.02,8.61,22.58,29.78
2016-04-02,0.19303422822321137,32.54,0.04,25.07,19.25
2016-04-07,0.19255506036209777,32.47,1.03,23.26,25.76
2016-04-12,0.1921057374010809,32.02,0.07,27.68,17.03
2016-04-17,0.19195164276946644,34.1,0,26.21,17.92
2016-04-22,0.1922824849149016,32.79,0.09,28.06,16.64
2016-04-27,0.19310813212736833,33.77,0.77,24.4,18.35
2016-05-02,0.1943481483331084,33.06,4.9399999999999995,25.23,27.52
2016-05-07,0.19580957613958697,31.01,13,24.01,42.81
2016-05-12,0.1974077124103841,34.49,1.75,25.58,24.21
2016-05-17,0.1992173714611973,34.48,9.08,25.48,38.78
2016-05-22,0.20187338425736864,35.21,6.2,25.13,29.2
2016-05-27,0.20631478383935445,33.45,14.700000000000001,25.06,38.82
2016-06-01,0.21352126325769535,35.01,5.97,21.68,33.54
2016-06-06,0.2227379186485358,34.1,5.34,23.84,41.38
2016-06-11,0.2339647500118757,33.5,9.55,23.29,41.83
2016-06-16,0.24720175734771407,29.24,23.18,17.37,65.71
